"","ELEVATION","TMAX_2025-01-01","TMAX_2025-01-02","TMAX_2025-01-03","TMAX_2025-01-04","TMAX_2025-01-05","TMAX_2025-01-06","TMAX_2025-01-07","TMAX_2025-01-08","TMAX_2025-01-09","TMAX_2025-01-10","TMAX_2025-01-11","TMAX_2025-01-12","TMAX_2025-01-13","TMAX_2025-01-14","TMAX_2025-01-15","TMAX_2025-01-16","TMAX_2025-01-17","TMAX_2025-01-18","TMAX_2025-01-19","TMAX_2025-01-20","TMAX_2025-01-21","TMAX_2025-01-22","TMAX_2025-01-23","TMAX_2025-01-24","TMAX_2025-01-25","TMAX_2025-01-26","TMAX_2025-01-27","TMAX_2025-01-28","TMAX_2025-01-29","TMAX_2025-01-30","TMAX_2025-01-31","TMAX_2025-02-01","TMAX_2025-02-02","TMAX_2025-02-03","TMAX_2025-02-04","TMAX_2025-02-05","TMAX_2025-02-06","TMAX_2025-02-07","TMAX_2025-02-08","TMAX_2025-02-09","TMAX_2025-02-10","TMAX_2025-02-11","TMAX_2025-02-12","TMAX_2025-02-13","TMAX_2025-02-14","TMAX_2025-02-15","TMAX_2025-02-16","TMAX_2025-02-17","TMAX_2025-02-18","TMAX_2025-02-19","TMAX_2025-02-20","TMAX_2025-02-21","TMAX_2025-02-22","TMAX_2025-02-23","TMAX_2025-02-24","TMAX_2025-02-25","TMAX_2025-02-26","TMAX_2025-02-27","TMAX_2025-02-28","TMAX_2025-03-01","TMAX_2025-03-02","TMAX_2025-03-03","TMAX_2025-03-04","TMAX_2025-03-05","TMAX_2025-03-06","TMAX_2025-03-07","TMAX_2025-03-08","TMAX_2025-03-09","TMAX_2025-03-10","TMAX_2025-03-11","TMAX_2025-03-12","TMAX_2025-03-13","TMAX_2025-03-14","TMAX_2025-03-15","TMAX_2025-03-16","TMAX_2025-03-17","TMAX_2025-03-18","TMAX_2025-03-19","TMAX_2025-03-20","TMAX_2025-03-21","TMAX_2025-03-22","TMAX_2025-03-23","TMAX_2025-03-24","TMAX_2025-03-25","TMAX_2025-03-26","TMAX_2025-03-27","TMAX_2025-03-28","TMAX_2025-03-29","TMAX_2025-03-30","TMAX_2025-03-31","TMIN_2025-01-01","TMIN_2025-01-02","TMIN_2025-01-03","TMIN_2025-01-04","TMIN_2025-01-05","TMIN_2025-01-06","TMIN_2025-01-07","TMIN_2025-01-08","TMIN_2025-01-09","TMIN_2025-01-10","TMIN_2025-01-11","TMIN_2025-01-12","TMIN_2025-01-13","TMIN_2025-01-14","TMIN_2025-01-15","TMIN_2025-01-16","TMIN_2025-01-17","TMIN_2025-01-18","TMIN_2025-01-19","TMIN_2025-01-20","TMIN_2025-01-21","TMIN_2025-01-22","TMIN_2025-01-23","TMIN_2025-01-24","TMIN_2025-01-25","TMIN_2025-01-26","TMIN_2025-01-27","TMIN_2025-01-28","TMIN_2025-01-29","TMIN_2025-01-30","TMIN_2025-01-31","TMIN_2025-02-01","TMIN_2025-02-02","TMIN_2025-02-03","TMIN_2025-02-04","TMIN_2025-02-05","TMIN_2025-02-06","TMIN_2025-02-07","TMIN_2025-02-08","TMIN_2025-02-09","TMIN_2025-02-10","TMIN_2025-02-11","TMIN_2025-02-12","TMIN_2025-02-13","TMIN_2025-02-14","TMIN_2025-02-15","TMIN_2025-02-16","TMIN_2025-02-17","TMIN_2025-02-18","TMIN_2025-02-19","TMIN_2025-02-20","TMIN_2025-02-21","TMIN_2025-02-22","TMIN_2025-02-23","TMIN_2025-02-24","TMIN_2025-02-25","TMIN_2025-02-26","TMIN_2025-02-27","TMIN_2025-02-28","TMIN_2025-03-01","TMIN_2025-03-02","TMIN_2025-03-03","TMIN_2025-03-04","TMIN_2025-03-05","TMIN_2025-03-06","TMIN_2025-03-07","TMIN_2025-03-08","TMIN_2025-03-09","TMIN_2025-03-10","TMIN_2025-03-11","TMIN_2025-03-12","TMIN_2025-03-13","TMIN_2025-03-14","TMIN_2025-03-15","TMIN_2025-03-16","TMIN_2025-03-17","TMIN_2025-03-18","TMIN_2025-03-19","TMIN_2025-03-20","TMIN_2025-03-21","TMIN_2025-03-22","TMIN_2025-03-23","TMIN_2025-03-24","TMIN_2025-03-25","TMIN_2025-03-26","TMIN_2025-03-27","TMIN_2025-03-28","TMIN_2025-03-29","TMIN_2025-03-30","TMIN_2025-03-31"
"1",64.3,56,69,83,67,49,93,81,50,82,77,67,56,55,67,83,62,76,55,81,91,70,102,48,59,78,60,48,64,66,58,67,51,40,75,93,70,77,52,96,62,70,52,90,90,49,56,55,80,89,91,53,78,93,84,71,83,70,77,90,76,78,76,96,90,75,61,80,83,89,86,58,70,89,67,91,78,89,78,58,72,59,70,77,52,57,78,57,55,56,90,36,35,46,38,32,63,42,30,42,50,46,36,30,43,58,40,54,39,42,53,42,70,25,30,57,35,27,39,35,32,46,41,31,50,63,50,52,43,66,43,50,35,49,51,32,30,39,54,72,70,37,55,60,46,45,46,45,52,52,56,56,56,49,52,50,34,54,58,44,55,39,50,45,41,63,42,72,57,32,54,33,42,52,35,30,42,30,31,33,54
"2",99.1,66,56,59,62,90,76,64,51,83,75,47,66,77,91,49,102,81,76,68,51,49,48,86,77,72,85,85,56,49,77,75,58,49,85,67,52,88,89,92,90,52,81,62,102,85,85,85,88,53,66,50,55,81,68,96,74,84,102,40,75,66,64,66,75,57,65,67,49,50,75,64,74,60,59,50,49,72,47,66,66,58,66,67,68,82,68,73,80,85,71,43,38,42,44,68,62,39,34,60,39,43,40,42,53,36,57,28,55,43,34,46,41,65,52,52,68,68,29,36,41,39,33,46,68,45,29,68,43,44,67,39,64,44,60,68,68,68,46,35,52,42,40,64,42,63,50,47,61,32,39,43,39,40,57,46,46,43,42,39,57,40,60,35,44,40,46,50,43,40,52,33,43,43,42,66,42,48,52,68,41
"3",61.3,60,67,58,74,78,72,64,56,55,69,68,74,51,79,56,64,97,70,63,53,54,74,55,93,85,77,56,73,60,76,58,44,64,94,83,73,71,74,53,99,74,108,56,55,60,81,61,71,93,89,68,81,66,68,79,51,81,66,55,60,80,69,89,93,77,77,68,63,79,58,68,77,77,89,89,63,58,56,81,70,67,60,79,51,60,61,82,96,94,64,38,38,35,51,43,44,34,31,33,50,30,44,40,46,31,41,59,48,38,37,34,49,28,69,57,52,40,48,36,51,40,36,47,65,53,43,46,37,30,67,51,71,31,28,43,58,44,43,55,56,30,56,32,40,52,40,56,44,33,38,53,46,65,60,52,52,40,38,50,27,42,52,54,59,56,42,40,40,48,50,38,37,52,36,36,40,54,68,69,38
"4",82.3,37,86,63,68,55,80,42,80,63,74,59,54,63,46,59,56,74,54,69,90,70,66,56,67,61,55,52,88,93,65,59,52,91,83,62,88,55,66,84,84,70,90,73,55,69,56,56,44,76,83,80,54,81,80,76,57,56,76,65,55,68,70,71,72,51,84,84,75,57,74,74,50,76,42,80,84,59,59,67,75,82,83,59,83,55,81,86,56,76,81,31,48,39,51,36,57,25,50,44,46,47,34,45,27,36,46,53,29,44,70,46,47,37,54,44,36,39,62,67,44,40,31,69,46,38,60,37,42,66,66,45,55,50,36,51,47,32,36,45,46,50,30,47,50,53,43,32,47,46,36,47,46,51,51,35,66,58,59,40,45,53,25,57,39,55,56,36,40,54,49,42,59,40,49,33,47,61,37,53,51
"5",815.3,77,46,47,45,64,70,79,82,42,84,59,56,76,59,85,83,92,61,73,47,51,79,91,56,72,74,51,52,96,54,72,78,64,93,71,46,55,65,45,58,42,93,75,77,60,77,57,70,50,62,42,71,66,56,44,74,83,64,47,68,80,32,37,61,57,67,74,47,95,48,56,60,72,55,89,49,54,77,47,72,88,73,49,45,73,72,69,82,73,76,59,35,36,34,48,30,55,50,27,61,42,23,64,35,65,38,67,34,50,37,36,60,60,37,53,51,42,39,62,38,51,60,30,63,45,39,39,48,31,30,22,63,48,61,40,61,37,38,34,41,29,36,36,22,28,47,56,48,40,37,59,28,35,34,41,52,47,36,67,35,37,36,51,39,61,33,42,59,37,53,49,50,32,34,54,53,31,54,54,53
"6",87.5,70,63,75,57,79,85,55,75,55,72,80,85,55,70,79,36,46,77,78,78,62,91,77,49,79,55,76,48,74,72,84,55,82,66,85,92,59,66,84,85,79,63,54,56,78,79,73,57,76,61,66,70,93,67,77,55,74,79,63,63,67,55,79,55,56,79,55,61,60,44,70,79,85,63,72,85,44,60,66,55,63,83,44,88,87,67,66,67,84,63,46,46,56,38,54,54,41,50,28,46,58,57,28,48,52,16,29,56,59,52,43,59,47,27,58,36,49,23,52,49,65,41,52,34,57,53,34,32,53,53,54,35,37,41,50,61,54,40,55,46,33,42,66,40,47,36,53,54,41,35,40,41,58,35,38,61,41,39,43,29,46,52,53,46,49,57,27,43,34,38,46,54,27,57,56,39,34,40,65,46
"7",54.9,57,60,59,75,73,91,90,94,81,79,98,58,45,51,82,93,96,56,93,88,68,101,56,65,97,54,78,90,61,74,78,51,76,61,61,82,81,66,55,81,57,76,61,55,102,87,43,96,94,91,58,61,75,65,74,76,82,86,59,75,77,63,59,59,60,90,47,54,93,54,59,75,47,59,61,81,76,51,59,78,76,50,89,42,86,61,57,61,88,50,46,41,36,54,47,53,57,61,53,53,66,44,31,37,53,56,68,48,67,53,54,68,48,39,62,41,48,57,44,46,56,36,47,40,37,49,55,42,48,55,34,46,44,35,66,55,43,61,59,61,33,44,45,39,46,47,54,50,36,47,48,42,36,36,47,61,41,36,56,46,36,51,33,42,38,46,46,48,34,52,47,39,56,33,46,44,46,38,52,34
"8",4.6,37,97,83,94,86,100,83,91,99,61,100,45,69,88,94,75,82,60,85,93,86,82,78,93,95,38,59,50,87,61,45,87,70,60,39,84,76,83,89,75,68,99,76,38,34,53,52,85,75,69,72,65,47,87,73,65,97,100,69,67,89,86,70,76,59,93,72,61,61,84,94,52,65,87,76,57,78,65,82,46,68,81,84,56,68,81,81,93,100,85,21,54,62,57,58,60,57,53,67,38,60,39,29,48,57,54,56,50,56,55,62,56,45,66,64,28,53,26,48,44,42,53,35,48,35,49,45,62,50,40,39,64,45,28,27,50,35,43,54,42,37,49,40,64,40,50,57,63,42,50,63,45,41,43,43,66,40,44,31,58,49,33,30,53,43,42,45,38,44,31,45,41,58,43,47,41,53,53,62,48
"9",49.7,45,74,77,78,81,61,58,61,84,86,91,71,58,75,51,58,62,65,65,71,83,83,94,63,62,99,99,100,83,88,58,65,61,84,85,85,63,82,92,75,92,71,94,87,44,76,81,61,82,63,95,85,71,84,56,55,53,49,57,43,91,54,63,57,63,91,92,77,70,59,78,90,36,85,65,36,88,78,58,59,60,62,53,86,60,91,55,65,91,93,30,47,50,49,46,43,32,29,54,59,61,43,40,64,40,49,42,44,39,59,60,52,61,44,42,64,65,69,60,51,40,38,29,55,57,61,37,60,58,51,58,61,57,55,33,42,46,38,59,35,65,58,43,59,52,40,42,33,32,33,61,23,33,32,44,55,63,53,38,29,52,61,26,58,38,34,62,47,49,34,42,42,43,52,45,58,47,38,55,62
"10",5.2,47,81,81,64,60,76,71,95,69,87,81,50,59,57,59,83,50,56,58,59,70,85,94,46,93,52,50,76,85,59,40,94,37,52,69,53,86,53,88,61,52,47,97,76,46,51,69,100,75,58,65,89,84,82,46,94,83,70,94,53,47,88,64,52,47,56,53,50,50,85,67,68,83,60,95,57,76,75,86,57,57,76,47,82,84,57,83,85,81,56,37,58,53,45,41,45,36,57,38,48,41,32,44,44,41,45,31,43,45,39,44,45,57,19,66,35,32,41,48,45,28,57,32,33,38,39,62,39,42,38,35,37,54,37,31,47,38,65,40,49,35,67,49,56,31,49,50,35,57,40,37,53,48,35,37,47,46,41,38,56,50,45,45,41,57,49,37,40,62,44,49,37,37,56,43,49,62,56,41,39
"11",73.8,83,48,77,77,89,53,77,54,54,50,67,92,68,36,86,74,55,58,44,54,71,61,57,52,99,89,54,89,86,70,78,72,96,78,71,78,77,96,88,54,90,78,50,61,53,63,69,86,86,84,74,59,68,73,77,74,57,37,85,93,67,63,40,78,74,54,88,59,91,88,85,53,53,77,36,74,75,80,62,74,56,90,89,70,85,96,73,53,55,65,50,21,48,46,56,30,48,34,34,28,34,60,40,32,59,47,40,26,7,33,39,41,38,36,66,49,24,56,53,39,55,43,64,48,43,48,55,73,55,24,59,55,28,38,34,40,38,59,59,52,46,37,32,49,50,47,38,33,53,55,42,34,18,52,54,47,53,35,59,53,55,34,34,55,13,41,43,50,37,47,40,59,56,45,53,62,41,30,35,36
"12",759.6,60,58,66,62,47,48,64,48,53,86,64,82,66,86,46,80,86,49,72,32,58,50,38,82,81,62,47,48,83,58,66,54,85,62,72,62,58,30,69,57,37,85,60,55,44,45,44,55,57,44,86,82,55,43,61,44,50,55,76,93,58,53,105,48,62,57,64,50,59,62,80,46,74,58,81,48,53,82,81,39,55,50,73,58,66,60,46,82,51,26,42,41,44,42,26,24,45,24,36,66,38,55,45,61,27,59,57,36,42,28,36,35,21,52,52,40,36,32,58,36,50,43,54,39,46,40,40,24,44,36,33,59,38,40,25,35,36,39,38,25,66,58,43,19,43,36,35,42,49,51,41,38,66,33,44,41,38,36,37,42,55,31,54,40,58,33,38,58,61,31,43,32,44,38,44,44,31,52,34,4
"13",144.8,64,82,46,69,60,84,65,68,65,73,79,100,70,79,68,68,102,103,89,56,82,70,99,68,93,102,60,67,65,68,52,66,90,68,100,89,96,68,81,69,79,73,82,62,83,83,102,57,62,81,46,76,99,95,72,50,53,98,79,70,101,56,60,64,70,68,55,95,91,53,92,102,97,104,79,65,64,67,73,60,87,71,68,90,77,96,67,65,68,99,49,65,31,55,42,64,35,54,49,54,55,69,53,54,37,37,71,69,57,43,66,50,62,44,54,54,45,53,47,37,32,55,67,51,64,61,62,37,61,49,55,55,54,49,62,62,64,49,48,61,26,60,52,64,58,34,43,60,59,38,72,43,45,52,51,44,46,65,52,29,67,54,58,69,55,47,52,47,55,45,71,50,38,49,52,59,48,49,37,62
"14",229.5,84,68,48,60,75,54,63,86,64,94,65,57,60,57,87,73,56,73,82,57,36,48,51,91,53,79,75,45,55,45,82,57,53,71,55,87,56,62,60,80,52,58,98,80,50,56,83,52,43,84,82,80,87,48,50,82,73,67,36,53,58,82,57,59,50,83,82,83,58,59,93,89,86,81,55,52,47,82,78,95,73,80,63,78,53,45,52,80,60,65,51,40,22,31,38,41,43,50,32,61,43,34,32,39,58,35,26,52,43,34,27,37,34,54,36,42,50,31,29,31,43,29,33,32,35,58,43,43,41,44,29,29,67,67,39,44,59,23,25,54,41,44,55,22,39,42,54,33,32,37,37,42,34,38,37,41,47,41,29,40,68,57,42,38,35,27,38,43,43,74,52,67,43,43,36,44,27,40,41,33
"15",53.9,60,59,86,79,47,63,82,83,69,92,81,74,51,53,91,80,81,78,78,47,86,60,82,71,80,81,95,64,101,63,94,80,92,76,77,53,69,75,70,74,95,90,94,60,59,40,44,54,43,62,66,74,62,65,70,58,91,91,71,79,85,90,86,76,49,49,64,88,75,98,92,96,81,81,53,43,85,89,57,79,75,62,89,82,61,88,78,54,81,86,46,40,50,54,35,37,53,53,49,65,54,51,30,45,62,51,54,48,55,35,46,44,53,48,54,54,61,38,63,35,57,55,65,53,52,40,49,48,47,47,68,61,60,44,46,33,28,34,17,35,48,44,46,44,39,40,61,62,48,53,52,58,56,47,36,32,41,52,54,62,55,61,53,53,36,35,56,60,44,54,49,34,56,53,42,63,55,34,53,56
"16",62.2,57,83,91,76,56,66,86,68,68,58,78,80,53,57,44,58,53,57,78,76,78,77,68,71,86,82,89,93,62,58,92,51,90,76,64,53,85,86,35,85,72,79,97,66,92,77,41,64,80,85,91,57,62,82,44,91,99,91,95,83,81,79,48,64,63,85,50,93,61,77,53,92,67,50,70,107,85,99,82,63,58,53,71,55,82,68,82,92,77,55,40,58,53,51,34,38,60,42,45,35,51,58,40,39,42,38,37,38,51,42,46,52,42,41,60,52,45,60,35,27,52,33,52,53,38,40,60,55,24,60,43,46,71,32,56,52,32,47,60,57,65,39,37,52,17,53,66,70,65,53,58,50,33,34,32,45,35,63,41,54,37,56,46,36,41,63,60,64,58,34,35,40,43,33,58,45,58,54,52,28
"17",69.5,78,69,55,71,75,78,46,48,77,71,55,58,55,89,74,96,62,86,79,62,66,82,51,89,58,77,59,74,66,71,66,89,71,67,46,78,58,66,66,80,77,67,56,63,57,63,87,45,79,74,78,56,67,55,68,57,61,80,75,74,62,65,74,63,89,57,58,105,87,77,80,74,79,57,80,78,60,46,81,90,64,55,78,89,87,78,73,63,74,94,48,50,42,40,42,49,37,45,47,55,36,41,36,72,42,49,42,53,41,26,34,47,47,44,41,42,45,42,52,40,47,72,40,37,37,48,37,34,34,49,42,56,32,45,42,49,57,36,49,40,49,32,26,34,48,44,46,46,42,40,39,49,42,45,45,22,41,60,56,47,46,48,46,41,46,48,39,35,52,54,28,33,43,45,61,48,42,42,42,62
"18",848,98,78,47,80,65,80,78,82,51,82,87,66,59,86,59,77,69,79,79,67,68,44,44,68,62,51,59,51,42,39,77,52,79,67,84,77,46,89,87,92,64,60,67,68,82,44,35,84,52,76,88,39,80,83,72,62,40,82,50,78,66,78,76,75,44,53,62,54,78,38,49,67,82,65,85,68,86,83,78,38,87,87,67,65,66,81,78,69,82,79,54,42,32,55,44,43,48,43,35,46,58,44,38,47,53,45,28,52,52,47,35,33,28,31,52,43,45,41,34,31,45,40,42,34,53,45,37,47,55,53,45,43,48,49,43,28,23,53,41,44,55,23,41,42,48,40,10,44,17,42,44,47,41,35,34,28,52,35,46,28,34,47,53,48,65,31,54,52,46,39,58,55,34,31,44,44,46,28,44,52
"19",965.6,35,56,72,72,75,72,81,87,75,69,76,79,41,50,80,55,49,90,72,69,56,71,46,94,81,81,61,76,72,39,64,69,83,76,28,79,45,81,80,35,48,93,69,28,80,77,83,69,44,70,70,90,79,89,79,69,89,77,68,50,47,60,74,81,49,45,88,104,81,66,62,45,53,73,86,73,75,50,60,52,72,52,79,87,60,86,62,51,42,52,32,32,57,57,63,46,53,46,57,54,50,65,27,31,69,30,39,64,58,55,34,56,33,55,53,57,43,50,46,25,44,54,60,62,16,67,38,51,69,26,28,64,55,13,45,61,48,54,36,58,43,67,52,55,52,54,61,63,37,34,28,43,44,51,37,31,52,76,53,35,47,38,37,55,58,57,38,31,43,40,57,30,52,46,45,58,46,35,31,33
"20",813.2,67,95,67,82,51,72,51,56,73,89,69,56,59,72,88,91,70,77,96,74,51,88,42,91,89,74,54,50,56,70,64,76,71,85,55,72,71,60,77,65,61,59,60,69,83,69,83,56,101,66,95,81,66,91,69,82,67,67,76,59,69,88,81,86,82,54,63,77,73,52,41,57,80,71,86,72,57,73,69,76,66,60,93,56,88,96,91,56,82,40,43,61,41,65,30,48,27,45,53,58,51,45,41,48,49,61,48,51,62,47,30,49,24,60,58,42,43,33,40,48,45,45,43,65,43,48,55,46,54,34,46,37,44,51,38,48,56,40,70,44,66,54,44,66,48,59,48,46,45,44,35,56,54,71,65,42,37,55,45,35,25,41,40,54,71,49,40,49,33,30,41,44,63,45,56,62,61,37,54,31
